title,company,location
Data Analyst,Missouri Western State University,"Saint Joseph, MO"
Data Analyst,PRC Industries,"Spruce Pine, NC"
Business Data Analyst,"Pro Capital, LLC","Pennsauken, NJ"
Atmospheric Data Analyst,"Space Sciences & Engineering LLC, DBA PlanetiQ","Golden, CO"
Data Analyst,Corporate Tools,"Post Falls, ID"
Data Analyst,Extreme Prevention,"El Dorado, AR"
Data Analyst,Learning saint,"London, OH"
Fiber Design Data Analyst,Optico Fiber/Critical Hub Net,"San Juan, PR"
Data & Systems Analyst,Switchyards,"Atlanta, GA"
Investment Analyst - Data Integration,Amplify,"Scottsdale, AZ"
Data Analyst,KB Home,"Pomona, CA"
Data Analyst,Big Machine Distillery,"Nashville, TN"
Data Analyst,"Ruchman and Associates, INC","El Paso, TX"
Data Reporting Analyst - Remote,Marathon Health,Remote
Data Analyst,Stark Bro's Nurseries and Orchards,"Louisiana, MO"
Data Analyst,4Cs of Alameda County,"Hayward, CA"
Data Analyst,PRC Industries,"Spruce Pine, NC"
Atmospheric Data Analyst,"Space Sciences & Engineering LLC, DBA PlanetiQ","Golden, CO"
Fiber Design Data Analyst,Optico Fiber/Critical Hub Net,"San Juan, PR"
Investment Analyst - Data Integration,Amplify,"Scottsdale, AZ"
Data Analyst,Missouri Western State University,"Saint Joseph, MO"
Business Data Analyst,"Pro Capital, LLC","Pennsauken, NJ"
Data Analyst,Extreme Prevention,"El Dorado, AR"
Data Analyst,Stark Bro's Nurseries and Orchards,"Louisiana, MO"
Building Automation System (BAS) Data Analyst,"Pritchett Controls, Inc.","Beltsville, MD"
"Manager, Data Analyst",Confidential,"Franklin, TN"
Data Analyst,Big Machine Distillery,"Nashville, TN"
Data Analyst/Data Scientist,Quintessa Marketing,"Oklahoma City, OK"
Data Analyst,Missouri Western State University,"Saint Joseph, MO"
Business Data Analyst,"Pro Capital, LLC","Pennsauken, NJ"
Data Analyst,PRC Industries,"Spruce Pine, NC"
Data & Systems Analyst,Switchyards,"Atlanta, GA"
Data Analyst,Corporate Tools,"Post Falls, ID"
Investment Analyst - Data Integration,Amplify,"Scottsdale, AZ"
Data Analyst,"Ruchman and Associates, INC","El Paso, TX"
Junior Financial and Data Analyst,The Claremont Colleges Services,"Claremont, CA"
Business Data Analyst,"Pro Capital, LLC","Pennsauken, NJ"
Fiber Design Data Analyst,Optico Fiber/Critical Hub Net,"San Juan, PR"
Data Analyst,Big Machine Distillery,"Nashville, TN"
Data Analyst,Extreme Prevention,"El Dorado, AR"
Atmospheric Data Analyst,"Space Sciences & Engineering LLC, DBA PlanetiQ","Golden, CO"
Data Analyst,4Cs of Alameda County,"Hayward, CA"
Entry-Level Research Data Analyst,"PSMJ Resources, Inc.","Newton, MA"
Building Automation System (BAS) Data Analyst,"Pritchett Controls, Inc.","Beltsville, MD"
"Manager, Data Analyst",Confidential,"Franklin, TN"
Building Automation System (BAS) Data Analyst,"Pritchett Controls, Inc.","Beltsville, MD"
Atmospheric Data Analyst,"Space Sciences & Engineering LLC, DBA PlanetiQ","Golden, CO"
Data Analyst,PRC Industries,"Spruce Pine, NC"
Associate Electronic Data Interchange Analyst,Uline,"Pleasant Prairie, WI"
Investment Analyst - Data Integration,Amplify,"Scottsdale, AZ"
Healthcare Data Analyst II-Health Services Evaluation,Inland Empire Health Plan,"Rancho Cucamonga, CA"
Fiber Design Data Analyst,Optico Fiber/Critical Hub Net,"San Juan, PR"
Data Analyst,Extreme Prevention,"El Dorado, AR"
Lead Enterprise Data Gov Analyst,Navy Federal Credit Union,"Pensacola, FL"
Data Analyst,Missouri Western State University,"Saint Joseph, MO"
Business Data Analyst,"Pro Capital, LLC","Pennsauken, NJ"
Junior Financial and Data Analyst,The Claremont Colleges Services,"Claremont, CA"
Data Analyst,Corporate Tools,"Post Falls, ID"
Data & Systems Analyst,Switchyards,"Atlanta, GA"
Data Analyst,"Ruchman and Associates, INC","El Paso, TX"
Data Analytics - Xbox,Microsoft,"Redmond, WA"
Data Analyst,Learning saint,"London, OH"
Data Analyst,CORMAC,Remote
Data Analyst I,Massachusetts General Hospital(MGH),"Boston, MA"
Data/Reporting Analyst,"City of Atlanta, GA","Atlanta, GA"
Data Analyst,Baptist Community Health Services,"Chalmette, LA"
Distribution Data Associate Analyst,Janus Henderson,"Denver, CO"
Analyst / Data Packet Manager (DPM),"JBE, Inc,","Bakersfield, CA"
Sr Data Analyst,Indium Software,"Prince George, VA"
Data Analyst 1 (Provisioning Team),Govcio LLC,"Washington, DC"
Data Analyst,Mission Edge San Diego,California
Data Analyst,"Town & Country Markets, Inc.","Poulsbo, WA"
Data Analyst,4Cs of Alameda County,"Hayward, CA"
Master Data Analyst,"BJ's Wholesale Club, Inc.","Marlborough, MA"
IT Data Analyst I,Hensel Phelps Construction Co,"Greeley, CO"
Entry-Level Research Data Analyst,"PSMJ Resources, Inc.","Newton, MA"
Research Assistant/Data Analyst,City of Boston,"Boston, MA"
Data Analyst,SMOKE ISLAND INC,"Springfield, VA"
Economic and Geographic Data Analyst,State of Hawaii,Oahu Island
Data Analyst,Big Machine Distillery,"Nashville, TN"
Data Analyst,PRC Industries,"Spruce Pine, NC"
Investment Analyst - Data Integration,Amplify,"Scottsdale, AZ"
Fiber Design Data Analyst,Optico Fiber/Critical Hub Net,"San Juan, PR"
Data Analyst,Missouri Western State University,"Saint Joseph, MO"
Data & Systems Analyst,Switchyards,"Atlanta, GA"
Junior Financial and Data Analyst,The Claremont Colleges Services,"Claremont, CA"
Data Analyst,"Ruchman and Associates, INC","El Paso, TX"
Data Analyst,Corporate Tools,"Post Falls, ID"
Atmospheric Data Analyst,"Space Sciences & Engineering LLC, DBA PlanetiQ","Golden, CO"
Senior Marketing Data Analyst,Vanguard,"Charlotte, NC"
"Manager, Data Analyst",Confidential,"Franklin, TN"
Entry-Level Research Data Analyst,"PSMJ Resources, Inc.","Newton, MA"
Data Analyst,Extreme Prevention,"El Dorado, AR"
Data Analytics - Xbox,Microsoft,"Redmond, WA"
Data Analyst,Missouri Western State University,"Saint Joseph, MO"
Business Data Analyst,"Pro Capital, LLC","Pennsauken, NJ"
Capacity Data Analyst,Microsoft,"San Antonio, TX"
Data Analyst,Corporate Tools,"Post Falls, ID"
Power BI Data Analyst,HunaTek Government Solutions,"Stafford, VA"
Sr Data Analyst,Indium Software,"Prince George, VA"
Data Analysts - Remote,Homeland LLC,Remote
Data Quality Analyst,Boone Health,"Columbia, MO"
Operations Data Analyst,Paycom Payroll Llc,"Oklahoma City, OK"
Data Analyst,Wyoming Office of Tourism,"Cheyenne, WY"
Master Data Analyst,"BJ's Wholesale Club, Inc.","Marlborough, MA"
"Analyst, Data Analytics Specialist",Northern Trust Corp.,"Chicago, IL"
Junior Financial and Data Analyst,The Claremont Colleges Services,"Claremont, CA"
Data Analytics - Xbox,Microsoft,"Redmond, WA"
CO - P4627 - Data Analyst,Dept of Environmental Quality,"Richmond, VA"
Data Analyst (Mid),Amentum,"Huntsville, AL"
Data Analyst | Denver,Foundation Direct,Colorado
Operations Data Analyst,Patriot Trinity Inc.,"Dripping Springs, TX"
Data Analyst,Infusion Software Inc,"Chandler, AZ"
Data Analyst,"Town & Country Markets, Inc.","Poulsbo, WA"
Applications Data Analyst,Fraser,"Bloomington, MN"
DATA ANALYST,Albuquerque Bernalillo County Water Utility Authority,"Albuquerque, NM"
Data Analyst,"T3i, Inc.","San Antonio, TX"
Data Analyst,ACORD Solutions Group,United States
Procurement Data Analyst,Cadence Design Systems,"San Jose, CA"
Junior Financial and Data Analyst,ACORD Solutions Group,"Claremont, CA"
Data Analyst,University of North Texas,"Denton, TX"
"Alpha Data Operations Analyst, Associate",ACORD Solutions Group,"Poland, ME"
