Job Title,Location,Company
Data Analyst,"Saint Joseph, MO",Missouri Western State University
Business Data Analyst,"Pennsauken, NJ","Pro Capital, LLC"
Capacity Data Analyst,"San Antonio, TX",Microsoft
Business Intelligence Analyst - Legacy of Hope,"Birmingham, AL",UAB Medicine - UA Health Services Foundation (UAHSF)
Data Analyst,"Post Falls, ID",Corporate Tools
Power BI Data Analyst,"Stafford, VA",HunaTek Government Solutions
Sr Data Analyst,"Prince George, VA",Indium Software
Data Analysts - Remote,Remote,Homeland LLC
Data Quality Analyst,"Columbia, MO",Boone Health
Product Analyst,"Piqua, OH",Buckeye Insurance Group
Operations Data Analyst,"Oklahoma City, OK",Paycom Payroll Llc
Data Analyst,"Cheyenne, WY",Wyoming Office of Tourism
Master Data Analyst,"Marlborough, MA","BJ's Wholesale Club, Inc."
"Analyst, Data Analytics Specialist","Chicago, IL",Northern Trust Corp.
Junior Financial and Data Analyst,"Claremont, CA",The Claremont Colleges Services
Data Analytics - Xbox,"Redmond, WA",Microsoft
CO - P4627 - Data Analyst,"Richmond, VA",Dept of Environmental Quality
Data Analyst (Mid),"Huntsville, AL",Amentum
Data Analyst | Denver,Colorado,Foundation Direct
Operations Data Analyst,"Dripping Springs, TX",Patriot Trinity Inc.
Data Analyst,"Chandler, AZ",Infusion Software Inc
Data Analyst,"Poulsbo, WA","Town & Country Markets, Inc."
Applications Data Analyst,"Bloomington, MN",Fraser
DATA ANALYST,"Albuquerque, NM",Albuquerque Bernalillo County Water Utility Authority
Data Analyst,"San Antonio, TX","T3i, Inc."
Data Analyst,United States,ACORD Solutions Group
Procurement Data Analyst,"San Jose, CA",Cadence Design Systems
Junior Financial and Data Analyst,"Claremont, CA",ACORD Solutions Group
Data Analyst,"Denton, TX",University of North Texas
"Alpha Data Operations Analyst, Associate","Poland, ME",ACORD Solutions Group
